sourceUrl,file,status,note
"https://static.wixstatic.com/media/41554d_01d921cedd144a8e8e0bb3c1b8fe6f65.jpg/41554d_01d921cedd144a8e8e0bb3c1b8fe6f65.jpg","","failed","403 Forbidden"
"https://static.wixstatic.com/media/41554d_06c6d0e8103f4b3386aab6b95a4c31fa~mv2.jpg/41554d_06c6d0e8103f4b3386aab6b95a4c31fa~mv2.jpg","","failed","403 Forbidden"
"https://static.wixstatic.com/media/41554d_08ad0dec12b64515a0919f0c5e438f88~mv2.jpg","backup/media/41554d_08ad0dec12b64515a0919f0c5e438f88_mv2.jpg","saved","image/jpeg; 106707 bytes"
"https://static.wixstatic.com/media/41554d_08ad0dec12b64515a0919f0c5e438f88~mv2.jpg/41554d_08ad0dec12b64515a0919f0c5e438f88~mv2.jpg","","failed","403 Forbidden"
"https://static.wixstatic.com/media/41554d_08ad0dec12b64515a0919f0c5e438f88~mv2.jpg/v1/fill/w_960,h_804,al_c,q_85/41554d_08ad0dec12b64515a0919f0c5e438f88~mv2.jpg","backup/media/41554d_08ad0dec12b64515a0919f0c5e438f88_mv2.jpg","saved","image/jpeg; 147438 bytes"
"https://static.wixstatic.com/media/41554d_09b69353be8d436598b635f11742ea45~mv2_d_3300_2550_s_4_2.jpg/41554d_09b69353be8d436598b635f11742ea45~mv2_d_3300_2550_s_4_2.jpg","","failed","403 Forbidden"
"https://static.wixstatic.com/media/41554d_0c1d932a304d4399bfef150aa7603b1e~mv2.png/Screen%20Shot%202022-09-28%20at%201_34_40%20PM.png","","failed","403 Forbidden"
"https://static.wixstatic.com/media/41554d_0ec86cffca0c4839a241914e63775e2c.jpg/41554d_0ec86cffca0c4839a241914e63775e2c.jpg","","failed","403 Forbidden"
"https://static.wixstatic.com/media/41554d_0f990c433fe5447d9eb1a7dfb74617d1.jpg/41554d_0f990c433fe5447d9eb1a7dfb74617d1.jpg","","failed","403 Forbidden"
"https://static.wixstatic.com/media/41554d_1099aa8974f3493ea72176c1da9cd4c5~mv2_d_3300_2550_s_4_2.jpg/41554d_1099aa8974f3493ea72176c1da9cd4c5~mv2_d_3300_2550_s_4_2.jpg","","failed","403 Forbidden"
"https://static.wixstatic.com/media/41554d_12ea8da551ef4a3eaa4e2ca1a06b132f~mv2.jpg/41554d_12ea8da551ef4a3eaa4e2ca1a06b132f~mv2.jpg","","failed","403 Forbidden"
"https://static.wixstatic.com/media/41554d_1305edeee68f4c8b8a92e8635176ecbe~mv2_d_1936_1936_s_2.jpg","backup/media/41554d_1305edeee68f4c8b8a92e8635176ecbe_mv2_d_1936_1936_s_2.jpg","saved","image/jpeg; 866222 bytes"
"https://static.wixstatic.com/media/41554d_1305edeee68f4c8b8a92e8635176ecbe~mv2_d_1936_1936_s_2.jpg/41554d_1305edeee68f4c8b8a92e8635176ecbe~mv2_d_1936_1936_s_2.jpg","","failed","403 Forbidden"
"https://static.wixstatic.com/media/41554d_1305edeee68f4c8b8a92e8635176ecbe~mv2_d_1936_1936_s_2.jpg/41554d_1305edeee68f4c8b8a92e8635176ecbe~mv2_d_1936_1936_s_2.webp","","failed","403 Forbidden"
"https://static.wixstatic.com/media/41554d_1305edeee68f4c8b8a92e8635176ecbe~mv2_d_1936_1936_s_2.jpg/v1/fill/w_1000,h_1000,al_c,q_85,usm_0.66_1.00_0.01/41554d_1305edeee68f4c8b8a92e8635176ecbe~mv2_d_1936_1936_s_2.jpg","backup/media/41554d_1305edeee68f4c8b8a92e8635176ecbe_mv2_d_1936_1936_s_2.jpg","saved","image/jpeg; 273604 bytes"
"https://static.wixstatic.com/media/41554d_14a8d227c6ab4d32acf52d95dd24817d~mv2.jpg","backup/media/41554d_14a8d227c6ab4d32acf52d95dd24817d_mv2.jpg","saved","image/jpeg; 495529 bytes"
"https://static.wixstatic.com/media/41554d_14a8d227c6ab4d32acf52d95dd24817d~mv2.jpg/41554d_14a8d227c6ab4d32acf52d95dd24817d~mv2.jpg","","failed","403 Forbidden"
"https://static.wixstatic.com/media/41554d_14a8d227c6ab4d32acf52d95dd24817d~mv2.jpg/41554d_14a8d227c6ab4d32acf52d95dd24817d~mv2.webp","","failed","403 Forbidden"
"https://static.wixstatic.com/media/41554d_14a8d227c6ab4d32acf52d95dd24817d~mv2.jpg/v1/fill/w_1000,h_935,al_c,q_85,usm_0.66_1.00_0.01/41554d_14a8d227c6ab4d32acf52d95dd24817d~mv2.jpg","backup/media/41554d_14a8d227c6ab4d32acf52d95dd24817d_mv2.jpg","saved","image/jpeg; 212778 bytes"
"https://static.wixstatic.com/media/41554d_14bbd97153e2460d9d1ff6ed4ea8a17a~mv2.jpg/VAMPIRESQUID_edited.jpg","","failed","403 Forbidden"
"https://static.wixstatic.com/media/41554d_1617b5ecb748489898f835892f56e096.jpg/41554d_1617b5ecb748489898f835892f56e096.jpg","","failed","403 Forbidden"
"https://static.wixstatic.com/media/41554d_18937236e44a45efa184355f2521d07c.jpg/41554d_18937236e44a45efa184355f2521d07c.jpg","","failed","403 Forbidden"
"https://static.wixstatic.com/media/41554d_18b6c03a30c34469a0f905b8045575ce~mv2_d_2976_2953_s_4_2.jpg/41554d_18b6c03a30c34469a0f905b8045575ce~mv2_d_2976_2953_s_4_2.jpg","","failed","403 Forbidden"
"https://static.wixstatic.com/media/41554d_19d07071914a466babfd36434fc92852~mv2_d_3300_2550_s_4_2.jpg/41554d_19d07071914a466babfd36434fc92852~mv2_d_3300_2550_s_4_2.jpg","","failed","403 Forbidden"
"https://static.wixstatic.com/media/41554d_1b88b871986640118b3dec7047487fa6~mv2.jpg/41554d_1b88b871986640118b3dec7047487fa6~mv2.jpg","","failed","403 Forbidden"
"https://static.wixstatic.com/media/41554d_1fdf89e1df8e4c3195b074c5bfc4a783~mv2.jpg/41554d_1fdf89e1df8e4c3195b074c5bfc4a783~mv2.jpg","","failed","403 Forbidden"
"https://static.wixstatic.com/media/41554d_20ddb57a933d42a4acb292d38ea8e11c.jpg/41554d_20ddb57a933d42a4acb292d38ea8e11c.jpg","","failed","403 Forbidden"
"https://static.wixstatic.com/media/41554d_212800bfc9394327b40b3f8134dcebde.jpg/41554d_212800bfc9394327b40b3f8134dcebde.jpg","","failed","403 Forbidden"
"https://static.wixstatic.com/media/41554d_229272fea02342e8b542bf8c45cd7f5e~mv2.jpg/41554d_229272fea02342e8b542bf8c45cd7f5e~mv2.jpg","","failed","403 Forbidden"
"https://static.wixstatic.com/media/41554d_22f517a59ea447478cbc61c15a19e336~mv2.jpeg/41554d_22f517a59ea447478cbc61c15a19e336~mv2.jpeg","","failed","403 Forbidden"
"https://static.wixstatic.com/media/41554d_2364e00e7dc5470d9ef4b9776c745e17~mv2.jpg/41554d_2364e00e7dc5470d9ef4b9776c745e17~mv2.jpg","","failed","403 Forbidden"
"https://static.wixstatic.com/media/41554d_237988af7883428caa39af03ee10e9aa~mv2.jpg/41554d_237988af7883428caa39af03ee10e9aa~mv2.jpg","","failed","403 Forbidden"
"https://static.wixstatic.com/media/41554d_23d30099c55b41e39331c8760c76867a~mv2.jpg/SKULL_edited.jpg","","failed","403 Forbidden"
"https://static.wixstatic.com/media/41554d_26bd69e5ddba464fa3ff254fea2b56af~mv2.jpg/41554d_26bd69e5ddba464fa3ff254fea2b56af~mv2.jpg","","failed","403 Forbidden"
"https://static.wixstatic.com/media/41554d_27df513c38984cf1b8dbc7e39543f5b6.jpg/41554d_27df513c38984cf1b8dbc7e39543f5b6.jpg","","failed","403 Forbidden"
"https://static.wixstatic.com/media/41554d_2a06c32ab4b6497ba8b681475e000eb1~mv2.jpeg/41554d_2a06c32ab4b6497ba8b681475e000eb1~mv2.jpeg","","failed","403 Forbidden"
"https://static.wixstatic.com/media/41554d_2ae6540507ad4438ae23c2c3340c552d~mv2.jpg/41554d_2ae6540507ad4438ae23c2c3340c552d~mv2.jpg","","failed","403 Forbidden"
"https://static.wixstatic.com/media/41554d_2e8b494c83fd4e608b5e7724de1ac68d~mv2_d_2400_2400_s_4_2.jpg/41554d_2e8b494c83fd4e608b5e7724de1ac68d~mv2_d_2400_2400_s_4_2.jpg","","failed","403 Forbidden"
"https://static.wixstatic.com/media/41554d_2ebc33d3316b4fc4a05098e3224deb40~mv2.jpg/41554d_2ebc33d3316b4fc4a05098e3224deb40~mv2.jpg","","failed","403 Forbidden"
"https://static.wixstatic.com/media/41554d_2f752ebe40734fbbafbed959d0e49384~mv2.jpg/41554d_2f752ebe40734fbbafbed959d0e49384~mv2.jpg","","failed","403 Forbidden"
"https://static.wixstatic.com/media/41554d_309d3e61a78c43b584848b22902e7793~mv2.jpg/41554d_309d3e61a78c43b584848b22902e7793~mv2.jpg","","failed","403 Forbidden"
"https://static.wixstatic.com/media/41554d_32408e731bb247e2b583c0320a2d4424~mv2.jpg/IMG_0194.jpg","","failed","403 Forbidden"
"https://static.wixstatic.com/media/41554d_3298bd6a7b774947bda6ae62dc7c629c.jpg/41554d_3298bd6a7b774947bda6ae62dc7c629c.jpg","","failed","403 Forbidden"
"https://static.wixstatic.com/media/41554d_3469254d491a4212b67bd3d1f1419807~mv2_d_2160_2700_s_2.jpg","backup/media/41554d_3469254d491a4212b67bd3d1f1419807_mv2_d_2160_2700_s_2.jpg","saved","image/jpeg; 961790 bytes"
"https://static.wixstatic.com/media/41554d_3469254d491a4212b67bd3d1f1419807~mv2_d_2160_2700_s_2.jpg/41554d_3469254d491a4212b67bd3d1f1419807~mv2_d_2160_2700_s_2.jpg","","failed","403 Forbidden"
"https://static.wixstatic.com/media/41554d_3469254d491a4212b67bd3d1f1419807~mv2_d_2160_2700_s_2.jpg/v1/fill/w_800,h_1000,al_c,q_85,usm_0.66_1.00_0.01/41554d_3469254d491a4212b67bd3d1f1419807~mv2_d_2160_2700_s_2.jpg","backup/media/41554d_3469254d491a4212b67bd3d1f1419807_mv2_d_2160_2700_s_2.jpg","saved","image/jpeg; 197665 bytes"
"https://static.wixstatic.com/media/41554d_37299b9fb12e40e0acdf241a8a9dfb60~mv2_d_2400_2400_s_4_2.jpg/41554d_37299b9fb12e40e0acdf241a8a9dfb60~mv2_d_2400_2400_s_4_2.jpg","","failed","403 Forbidden"
"https://static.wixstatic.com/media/41554d_37f02d81f39e47ada1a17a4e56e3350a~mv2.jpg/41554d_37f02d81f39e47ada1a17a4e56e3350a~mv2.jpg","","failed","403 Forbidden"
"https://static.wixstatic.com/media/41554d_3b4f524898364f51a55efbd81ef7f174~mv2.jpg","backup/media/41554d_3b4f524898364f51a55efbd81ef7f174_mv2.jpg","saved","image/jpeg; 1251466 bytes"
"https://static.wixstatic.com/media/41554d_3f23a5faa11f48fcad44f6708d9ba548.jpg/41554d_3f23a5faa11f48fcad44f6708d9ba548.jpg","","failed","403 Forbidden"
"https://static.wixstatic.com/media/41554d_3ff4fd7eba434168970584497011e747~mv2.jpg/41554d_3ff4fd7eba434168970584497011e747~mv2.jpg","","failed","403 Forbidden"
"https://static.wixstatic.com/media/41554d_403694b79a534676af672a7106543dcf~mv2.png/41554d_403694b79a534676af672a7106543dcf~mv2.png","","failed","403 Forbidden"
"https://static.wixstatic.com/media/41554d_40e50f7298f0491180d0fa38b93b51bf~mv2.png/Screenshot%202026-02-01%20at%207_36_17%E2%80%AFPM.png","","failed","403 Forbidden"
"https://static.wixstatic.com/media/41554d_46e20aec8ad749dbb9227b7464ddd6f7~mv2.jpg/41554d_46e20aec8ad749dbb9227b7464ddd6f7~mv2.jpg","","failed","403 Forbidden"
"https://static.wixstatic.com/media/41554d_484af7cd079e4f78b03591259478824e~mv2.jpg/41554d_484af7cd079e4f78b03591259478824e~mv2.jpg","","failed","403 Forbidden"
"https://static.wixstatic.com/media/41554d_494c527effbe4a27b3b4cdee04f457fa~mv2.jpg/41554d_494c527effbe4a27b3b4cdee04f457fa~mv2.jpg","","failed","403 Forbidden"
"https://static.wixstatic.com/media/41554d_4a3f06e61afd468093edac646ba9f3cc~mv2.jpg/41554d_4a3f06e61afd468093edac646ba9f3cc~mv2.jpg","","failed","403 Forbidden"
"https://static.wixstatic.com/media/41554d_4bc80fb0b4e7441980f17bc7e9bd7bb3~mv2.jpg/41554d_4bc80fb0b4e7441980f17bc7e9bd7bb3~mv2.jpg","","failed","403 Forbidden"
"https://static.wixstatic.com/media/41554d_52523d5f8e434c489339670dec6c1122~mv2_d_1936_1936_s_2.jpg","backup/media/41554d_52523d5f8e434c489339670dec6c1122_mv2_d_1936_1936_s_2.jpg","saved","image/jpeg; 1026585 bytes"
"https://static.wixstatic.com/media/41554d_52523d5f8e434c489339670dec6c1122~mv2_d_1936_1936_s_2.jpg/41554d_52523d5f8e434c489339670dec6c1122~mv2_d_1936_1936_s_2.jpg","","failed","403 Forbidden"
"https://static.wixstatic.com/media/41554d_52523d5f8e434c489339670dec6c1122~mv2_d_1936_1936_s_2.jpg/v1/fill/w_1000,h_1000,al_c,q_85,usm_0.66_1.00_0.01/41554d_52523d5f8e434c489339670dec6c1122~mv2_d_1936_1936_s_2.jpg","backup/media/41554d_52523d5f8e434c489339670dec6c1122_mv2_d_1936_1936_s_2.jpg","saved","image/jpeg; 352767 bytes"
"https://static.wixstatic.com/media/41554d_5461c31550414353997fc093d8917e6f~mv2.jpg/Hoodie-Mockup2022_edited_edited.jpg","","failed","403 Forbidden"
"https://static.wixstatic.com/media/41554d_55b50b96c01e47928a815afbc60a9695~mv2_d_2814_3778_s_4_2.jpg/41554d_55b50b96c01e47928a815afbc60a9695~mv2_d_2814_3778_s_4_2.jpg","","failed","403 Forbidden"
"https://static.wixstatic.com/media/41554d_56bd0040359a49a1b5328178ef62eb65.jpg/41554d_56bd0040359a49a1b5328178ef62eb65.jpg","","failed","403 Forbidden"
"https://static.wixstatic.com/media/41554d_5ab9d5f7a910411593791185fe6e9213~mv2.jpg","backup/media/41554d_5ab9d5f7a910411593791185fe6e9213_mv2.jpg","saved","image/jpeg; 896383 bytes"
"https://static.wixstatic.com/media/41554d_5ab9d5f7a910411593791185fe6e9213~mv2.jpg/41554d_5ab9d5f7a910411593791185fe6e9213~mv2.jpg","","failed","403 Forbidden"
"https://static.wixstatic.com/media/41554d_5ab9d5f7a910411593791185fe6e9213~mv2.jpg/41554d_5ab9d5f7a910411593791185fe6e9213~mv2.webp","","failed","403 Forbidden"
"https://static.wixstatic.com/media/41554d_5ab9d5f7a910411593791185fe6e9213~mv2.jpg/v1/fill/w_841,h_1000,al_c,q_85,usm_0.66_1.00_0.01/41554d_5ab9d5f7a910411593791185fe6e9213~mv2.jpg","backup/media/41554d_5ab9d5f7a910411593791185fe6e9213_mv2.jpg","saved","image/jpeg; 256559 bytes"
"https://static.wixstatic.com/media/41554d_5c8be6e0a5894e76862ea7805f4f1e24~mv2.jpg/41554d_5c8be6e0a5894e76862ea7805f4f1e24~mv2.jpg","","failed","403 Forbidden"
"https://static.wixstatic.com/media/41554d_5d09bbaab191498ea369af5d36e3b328%7Emv2.jpg/v1/fit/w_2500,h_1330,al_c/41554d_5d09bbaab191498ea369af5d36e3b328%7Emv2.jpg","backup/media/41554d_5d09bbaab191498ea369af5d36e3b328_7Emv2.jpg","saved","image/jpeg; 355308 bytes"
"https://static.wixstatic.com/media/41554d_5d09bbaab191498ea369af5d36e3b328~mv2.jpg","backup/media/41554d_5d09bbaab191498ea369af5d36e3b328_mv2.jpg","saved","image/jpeg; 1656090 bytes"
"https://static.wixstatic.com/media/41554d_5d09bbaab191498ea369af5d36e3b328~mv2.jpg/41554d_5d09bbaab191498ea369af5d36e3b328~mv2.jpg","","failed","403 Forbidden"
"https://static.wixstatic.com/media/41554d_5deb53244f5c40c4954707783d06e3a5~mv2.jpeg/41554d_5deb53244f5c40c4954707783d06e3a5~mv2.jpeg","","failed","403 Forbidden"
"https://static.wixstatic.com/media/41554d_601d9a9a966e449289529049a0860c9a.jpg/41554d_601d9a9a966e449289529049a0860c9a.jpg","","failed","403 Forbidden"
"https://static.wixstatic.com/media/41554d_63e93cdb9c3049aa99e6a09cdaf2d7e2.jpg/41554d_63e93cdb9c3049aa99e6a09cdaf2d7e2.jpg","","failed","403 Forbidden"
"https://static.wixstatic.com/media/41554d_657b00a63f34425298eefc7c7e225e57~mv2.jpg","backup/media/41554d_657b00a63f34425298eefc7c7e225e57_mv2.jpg","saved","image/jpeg; 165699 bytes"
"https://static.wixstatic.com/media/41554d_657b00a63f34425298eefc7c7e225e57~mv2.jpg/41554d_657b00a63f34425298eefc7c7e225e57~mv2.jpg","","failed","403 Forbidden"
"https://static.wixstatic.com/media/41554d_657b00a63f34425298eefc7c7e225e57~mv2.jpg/41554d_657b00a63f34425298eefc7c7e225e57~mv2.webp","","failed","403 Forbidden"
"https://static.wixstatic.com/media/41554d_657b00a63f34425298eefc7c7e225e57~mv2.jpg/v1/fill/w_691,h_691,al_c,lg_1,q_85/41554d_657b00a63f34425298eefc7c7e225e57~mv2.jpg","backup/media/41554d_657b00a63f34425298eefc7c7e225e57_mv2.jpg","saved","image/jpeg; 92810 bytes"
"https://static.wixstatic.com/media/41554d_6846874f42114e3fa1d1c571f699307e~mv2.jpeg","backup/media/41554d_6846874f42114e3fa1d1c571f699307e_mv2.jpeg","saved","image/jpeg; 623262 bytes"
"https://static.wixstatic.com/media/41554d_6846874f42114e3fa1d1c571f699307e~mv2.jpeg/41554d_6846874f42114e3fa1d1c571f699307e~mv2.jpeg","","failed","403 Forbidden"
"https://static.wixstatic.com/media/41554d_6846874f42114e3fa1d1c571f699307e~mv2.jpeg/41554d_6846874f42114e3fa1d1c571f699307e~mv2.webp","","failed","403 Forbidden"
"https://static.wixstatic.com/media/41554d_697c34d3b39440938710432bf8d669aa~mv2_d_3300_2550_s_4_2.jpg/41554d_697c34d3b39440938710432bf8d669aa~mv2_d_3300_2550_s_4_2.jpg","","failed","403 Forbidden"
"https://static.wixstatic.com/media/41554d_698303a75b954d4c992d7d9e136802fd.jpg/41554d_698303a75b954d4c992d7d9e136802fd.jpg","","failed","403 Forbidden"
"https://static.wixstatic.com/media/41554d_6aa3214067164af7a1ac717c79291469~mv2_d_2400_2400_s_4_2.jpg/41554d_6aa3214067164af7a1ac717c79291469~mv2_d_2400_2400_s_4_2.jpg","","failed","403 Forbidden"
"https://static.wixstatic.com/media/41554d_6cd38093ed164f3fbc89a3bfd7650188~mv2.jpg/41554d_6cd38093ed164f3fbc89a3bfd7650188~mv2.jpg","","failed","403 Forbidden"
"https://static.wixstatic.com/media/41554d_6e63c529528244cfafb99c94019d4313~mv2_d_3300_2550_s_4_2.jpg/41554d_6e63c529528244cfafb99c94019d4313~mv2_d_3300_2550_s_4_2.jpg","","failed","403 Forbidden"
"https://static.wixstatic.com/media/41554d_6e6e3c1765944ec1b0272dcbdd789ce7~mv2.jpg/41554d_6e6e3c1765944ec1b0272dcbdd789ce7~mv2.jpg","","failed","403 Forbidden"
"https://static.wixstatic.com/media/41554d_70c0d4c7fe5b4c25ad2521c6552923ee~mv2.jpg/MUMMY-orange_edited.jpg","","failed","403 Forbidden"
"https://static.wixstatic.com/media/41554d_713540d137e4477b8f67184a7b57292f.jpg/41554d_713540d137e4477b8f67184a7b57292f.jpg","","failed","403 Forbidden"
"https://static.wixstatic.com/media/41554d_71d4f1f7b6c64303a3a54d0843111cd0~mv2.jpg/IMG_1399_edited.jpg","","failed","403 Forbidden"
"https://static.wixstatic.com/media/41554d_7695494b18294cbdada125d00965fa99~mv2.jpeg/41554d_7695494b18294cbdada125d00965fa99~mv2.jpeg","","failed","403 Forbidden"
"https://static.wixstatic.com/media/41554d_76a40c65e85346d9869963524ee013cb~mv2_d_1422_1440_s_2.jpg/41554d_76a40c65e85346d9869963524ee013cb~mv2_d_1422_1440_s_2.jpg","","failed","403 Forbidden"
"https://static.wixstatic.com/media/41554d_77745d5643f24d81acd9e8ac0e617158~mv2.png/41554d_77745d5643f24d81acd9e8ac0e617158~mv2.png","","failed","403 Forbidden"
"https://static.wixstatic.com/media/41554d_77d675184ebe4e12a32eca7ddda6db30~mv2.jpg/41554d_77d675184ebe4e12a32eca7ddda6db30~mv2.jpg","","failed","403 Forbidden"
"https://static.wixstatic.com/media/41554d_7c18e2f2b9a24151b19bdd59b6829676~mv2.jpg/41554d_7c18e2f2b9a24151b19bdd59b6829676~mv2.jpg","","failed","403 Forbidden"
"https://static.wixstatic.com/media/41554d_7c265a5560894586887c6ec8ae90d76c~mv2.jpg/41554d_7c265a5560894586887c6ec8ae90d76c~mv2.jpg","","failed","403 Forbidden"
"https://static.wixstatic.com/media/41554d_858d50c199d643e789456f6499a94fbe~mv2.jpg/CREATURE_edited.jpg","","failed","403 Forbidden"
"https://static.wixstatic.com/media/41554d_864e263247a24151bbccf88bf85cf3d2.jpg/41554d_864e263247a24151bbccf88bf85cf3d2.jpg","","failed","403 Forbidden"
"https://static.wixstatic.com/media/41554d_86b2b2f28ca74312848684d4234ee7ca~mv2.jpg/IMG_9167_edited.jpg","","failed","403 Forbidden"
"https://static.wixstatic.com/media/41554d_882fb1dacc904cb2838e4eb85aa4bc49~mv2.png/AGGIE-ANATOMY-HEADSHOT_2025.png","","failed","403 Forbidden"
"https://static.wixstatic.com/media/41554d_8e4841438cb1488f82232f0d1d622b4b~mv2.jpg/41554d_8e4841438cb1488f82232f0d1d622b4b~mv2.jpg","","failed","403 Forbidden"
"https://static.wixstatic.com/media/41554d_8f054e167f084fbb8560424cd13dec60~mv2.jpg","backup/media/41554d_8f054e167f084fbb8560424cd13dec60_mv2.jpg","saved","image/jpeg; 22363 bytes"
"https://static.wixstatic.com/media/41554d_8f054e167f084fbb8560424cd13dec60~mv2.jpg/41554d_8f054e167f084fbb8560424cd13dec60~mv2.jpg","","failed","403 Forbidden"
"https://static.wixstatic.com/media/41554d_8f054e167f084fbb8560424cd13dec60~mv2.jpg/v1/fill/w_735,h_420,al_c,lg_1,q_80/41554d_8f054e167f084fbb8560424cd13dec60~mv2.jpg","backup/media/41554d_8f054e167f084fbb8560424cd13dec60_mv2.jpg","saved","image/jpeg; 22623 bytes"
"https://static.wixstatic.com/media/41554d_9048dd647922454791d7b8301b2932ac~mv2.jpg/41554d_9048dd647922454791d7b8301b2932ac~mv2.jpg","","failed","403 Forbidden"
"https://static.wixstatic.com/media/41554d_904fe2e15e0d4365ad60c0ae097c8c3c~mv2.jpeg/41554d_904fe2e15e0d4365ad60c0ae097c8c3c~mv2.jpeg","","failed","403 Forbidden"
"https://static.wixstatic.com/media/41554d_90918f47ca664ccbbdcd429107293a8c.jpg/41554d_90918f47ca664ccbbdcd429107293a8c.jpg","","failed","403 Forbidden"
"https://static.wixstatic.com/media/41554d_90a85fb4415e4971a6503fffbcfad6f3~mv2.jpg/MUMMY-yellow_edited.jpg","","failed","403 Forbidden"
"https://static.wixstatic.com/media/41554d_938caa67821a4f529662f8b3f16dd74b~mv2_d_3300_2550_s_4_2.jpg/41554d_938caa67821a4f529662f8b3f16dd74b~mv2_d_3300_2550_s_4_2.jpg","","failed","403 Forbidden"
"https://static.wixstatic.com/media/41554d_97cff970a5634fba93b17847d32e80c6~mv2.jpg/41554d_97cff970a5634fba93b17847d32e80c6~mv2.jpg","","failed","403 Forbidden"
"https://static.wixstatic.com/media/41554d_9921a735b8ed4501980804f7c9713c9c~mv2_d_3300_2550_s_4_2.jpg/41554d_9921a735b8ed4501980804f7c9713c9c~mv2_d_3300_2550_s_4_2.jpg","","failed","403 Forbidden"
"https://static.wixstatic.com/media/41554d_9f89993e01b840cb8ee3d9baf42a57f9~mv2.jpg/Hoodie_Mockup_2024.jpg","","failed","403 Forbidden"
"https://static.wixstatic.com/media/41554d_a3425a88f0a144359c4d3f03b3965d68~mv2_d_3300_2550_s_4_2.jpg/41554d_a3425a88f0a144359c4d3f03b3965d68~mv2_d_3300_2550_s_4_2.jpg","","failed","403 Forbidden"
"https://static.wixstatic.com/media/41554d_a42ebf251c3e47709eed8c9e046781ec~mv2_d_3000_3000_s_4_2.jpg/41554d_a42ebf251c3e47709eed8c9e046781ec~mv2_d_3000_3000_s_4_2.jpg","","failed","403 Forbidden"
"https://static.wixstatic.com/media/41554d_a48c07baeaba46fbbe2bbca851d1da2d~mv2_d_1356_1753_s_2.jpg/41554d_a48c07baeaba46fbbe2bbca851d1da2d~mv2_d_1356_1753_s_2.jpg","","failed","403 Forbidden"
"https://static.wixstatic.com/media/41554d_a658c50c73af4017ad9ae8f8ba8a4f3b~mv2_d_3300_2550_s_4_2.jpg/41554d_a658c50c73af4017ad9ae8f8ba8a4f3b~mv2_d_3300_2550_s_4_2.jpg","","failed","403 Forbidden"
"https://static.wixstatic.com/media/41554d_ab409297637d43d28082349b0019259c~mv2.jpg/41554d_ab409297637d43d28082349b0019259c~mv2.jpg","","failed","403 Forbidden"
"https://static.wixstatic.com/media/41554d_ac32a4557da540b4b4ff3cf151a81542~mv2.jpeg/41554d_ac32a4557da540b4b4ff3cf151a81542~mv2.jpeg","","failed","403 Forbidden"
"https://static.wixstatic.com/media/41554d_ac81d5d03fff400b8af10b2343e4202c.jpg/41554d_ac81d5d03fff400b8af10b2343e4202c.jpg","","failed","403 Forbidden"
"https://static.wixstatic.com/media/41554d_ad0c5c984ada47029c3078ba71986e05.jpg/41554d_ad0c5c984ada47029c3078ba71986e05.jpg","","failed","403 Forbidden"
"https://static.wixstatic.com/media/41554d_af0324d92c7f403f9df8ef2e7b825e32~mv2.jpg/41554d_af0324d92c7f403f9df8ef2e7b825e32~mv2.jpg","","failed","403 Forbidden"
"https://static.wixstatic.com/media/41554d_b450080666264bd2a13c894f828cec6d~mv2.png","backup/media/41554d_b450080666264bd2a13c894f828cec6d_mv2.png","saved","image/png; 653121 bytes"
"https://static.wixstatic.com/media/41554d_b450080666264bd2a13c894f828cec6d~mv2.png/41554d_b450080666264bd2a13c894f828cec6d~mv2.png","","failed","403 Forbidden"
"https://static.wixstatic.com/media/41554d_b450080666264bd2a13c894f828cec6d~mv2.png/v1/fill/w_649,h_648,al_c,lg_1,q_90/41554d_b450080666264bd2a13c894f828cec6d~mv2.png","backup/media/41554d_b450080666264bd2a13c894f828cec6d_mv2.png","saved","image/png; 1173249 bytes"
"https://static.wixstatic.com/media/41554d_b509f80b11bb4519ac9f2507b1499e60~mv2.jpg/41554d_b509f80b11bb4519ac9f2507b1499e60~mv2.jpg","","failed","403 Forbidden"
"https://static.wixstatic.com/media/41554d_b9180d38a09748feb98ab657207f0642~mv2.jpg/41554d_b9180d38a09748feb98ab657207f0642~mv2.jpg","","failed","403 Forbidden"
"https://static.wixstatic.com/media/41554d_b9503faa4e1c4ffcbcd0c70e10e60503~mv2.jpg/41554d_b9503faa4e1c4ffcbcd0c70e10e60503~mv2.jpg","","failed","403 Forbidden"
"https://static.wixstatic.com/media/41554d_bb4eb95101304bdaaa827c499ae228c8~mv2.jpg/41554d_bb4eb95101304bdaaa827c499ae228c8~mv2.jpg","","failed","403 Forbidden"
"https://static.wixstatic.com/media/41554d_bed77dc0d50c46eca85c1b28000fffeb~mv2.jpg/41554d_bed77dc0d50c46eca85c1b28000fffeb~mv2.jpg","","failed","403 Forbidden"
"https://static.wixstatic.com/media/41554d_c0fd044478fd4a72b45517613bf02c9d~mv2.jpeg/41554d_c0fd044478fd4a72b45517613bf02c9d~mv2.jpeg","","failed","403 Forbidden"
"https://static.wixstatic.com/media/41554d_c18b0bd8bf0c411bba4913f7535ab623~mv2.jpg","backup/media/41554d_c18b0bd8bf0c411bba4913f7535ab623_mv2.jpg","saved","image/jpeg; 1045265 bytes"
"https://static.wixstatic.com/media/41554d_c18b0bd8bf0c411bba4913f7535ab623~mv2.jpg/41554d_c18b0bd8bf0c411bba4913f7535ab623~mv2.jpg","","failed","403 Forbidden"
"https://static.wixstatic.com/media/41554d_c18b0bd8bf0c411bba4913f7535ab623~mv2.jpg/41554d_c18b0bd8bf0c411bba4913f7535ab623~mv2.webp","","failed","403 Forbidden"
"https://static.wixstatic.com/media/41554d_c18b0bd8bf0c411bba4913f7535ab623~mv2.jpg/v1/fill/w_1000,h_995,al_c,q_85,usm_0.66_1.00_0.01/41554d_c18b0bd8bf0c411bba4913f7535ab623~mv2.jpg","backup/media/41554d_c18b0bd8bf0c411bba4913f7535ab623_mv2.jpg","saved","image/jpeg; 237637 bytes"
"https://static.wixstatic.com/media/41554d_c1dbf8a7add2440bae5aa6e5eb4b268e.jpg/41554d_c1dbf8a7add2440bae5aa6e5eb4b268e.jpg","","failed","403 Forbidden"
"https://static.wixstatic.com/media/41554d_c23c94cacb54407ebacbae88e03e2fb9~mv2.jpg/41554d_c23c94cacb54407ebacbae88e03e2fb9~mv2.jpg","","failed","403 Forbidden"
"https://static.wixstatic.com/media/41554d_c4d18f24f85b4432b8bc63c02d093c88~mv2_d_1936_1936_s_2.jpg/41554d_c4d18f24f85b4432b8bc63c02d093c88~mv2_d_1936_1936_s_2.jpg","","failed","403 Forbidden"
"https://static.wixstatic.com/media/41554d_cad1f59bba844e279635eca39be1a65e~mv2.png/41554d_cad1f59bba844e279635eca39be1a65e~mv2.png","","failed","403 Forbidden"
"https://static.wixstatic.com/media/41554d_cc6e59f682004dd9843f4cc80bbba1bd~mv2.jpg/41554d_cc6e59f682004dd9843f4cc80bbba1bd~mv2.jpg","","failed","403 Forbidden"
"https://static.wixstatic.com/media/41554d_cfd514f4da114c6fbda01f99f187fc43~mv2.jpg/41554d_cfd514f4da114c6fbda01f99f187fc43~mv2.jpg","","failed","403 Forbidden"
"https://static.wixstatic.com/media/41554d_d053c72e3a6a448a936921a19ecb0673~mv2.jpg/41554d_d053c72e3a6a448a936921a19ecb0673~mv2.jpg","","failed","403 Forbidden"
"https://static.wixstatic.com/media/41554d_d7082f24bcbd4192b6f3e700ecb3b099~mv2.jpg/41554d_d7082f24bcbd4192b6f3e700ecb3b099~mv2.jpg","","failed","403 Forbidden"
"https://static.wixstatic.com/media/41554d_d9c41d76af98425e867ed6dc24366073.jpg/41554d_d9c41d76af98425e867ed6dc24366073.jpg","","failed","403 Forbidden"
"https://static.wixstatic.com/media/41554d_dad6bace788c4854abee603fb675eecc~mv2.png/41554d_dad6bace788c4854abee603fb675eecc~mv2.png","","failed","403 Forbidden"
"https://static.wixstatic.com/media/41554d_dcd7195a20d34c41ad5098dc82186e98~mv2.jpeg","backup/media/41554d_dcd7195a20d34c41ad5098dc82186e98_mv2.jpeg","saved","image/jpeg; 645962 bytes"
"https://static.wixstatic.com/media/41554d_dcd7195a20d34c41ad5098dc82186e98~mv2.jpeg/41554d_dcd7195a20d34c41ad5098dc82186e98~mv2.jpeg","","failed","403 Forbidden"
"https://static.wixstatic.com/media/41554d_dcd7195a20d34c41ad5098dc82186e98~mv2.jpeg/41554d_dcd7195a20d34c41ad5098dc82186e98~mv2.webp","","failed","403 Forbidden"
"https://static.wixstatic.com/media/41554d_dcd7195a20d34c41ad5098dc82186e98~mv2.jpeg/v1/fill/w_750,h_748,al_c,q_85/41554d_dcd7195a20d34c41ad5098dc82186e98~mv2.jpeg","backup/media/41554d_dcd7195a20d34c41ad5098dc82186e98_mv2.jpeg","saved","image/jpeg; 172204 bytes"
"https://static.wixstatic.com/media/41554d_e08a1df500204d3987b979b32d832177~mv2.jpeg/41554d_e08a1df500204d3987b979b32d832177~mv2.jpeg","","failed","403 Forbidden"
"https://static.wixstatic.com/media/41554d_e09acea3294442ac9cfbfb20244ece4e~mv2_d_3000_3000_s_4_2.jpg/41554d_e09acea3294442ac9cfbfb20244ece4e~mv2_d_3000_3000_s_4_2.jpg","","failed","403 Forbidden"
"https://static.wixstatic.com/media/41554d_e0bc969490bb4f9997bde611f2dc6813~mv2.png/41554d_e0bc969490bb4f9997bde611f2dc6813~mv2.png","","failed","403 Forbidden"
"https://static.wixstatic.com/media/41554d_e1a631ae48d04d8e8bdb501a312449e3~mv2_d_1936_1936_s_2.jpg","backup/media/41554d_e1a631ae48d04d8e8bdb501a312449e3_mv2_d_1936_1936_s_2.jpg","saved","image/jpeg; 913061 bytes"
"https://static.wixstatic.com/media/41554d_e1a631ae48d04d8e8bdb501a312449e3~mv2_d_1936_1936_s_2.jpg/41554d_e1a631ae48d04d8e8bdb501a312449e3~mv2_d_1936_1936_s_2.jpg","","failed","403 Forbidden"
"https://static.wixstatic.com/media/41554d_e1a631ae48d04d8e8bdb501a312449e3~mv2_d_1936_1936_s_2.jpg/41554d_e1a631ae48d04d8e8bdb501a312449e3~mv2_d_1936_1936_s_2.webp","","failed","403 Forbidden"
"https://static.wixstatic.com/media/41554d_e1a631ae48d04d8e8bdb501a312449e3~mv2_d_1936_1936_s_2.jpg/v1/fill/w_1000,h_1000,al_c,q_85,usm_0.66_1.00_0.01/41554d_e1a631ae48d04d8e8bdb501a312449e3~mv2_d_1936_1936_s_2.jpg","backup/media/41554d_e1a631ae48d04d8e8bdb501a312449e3_mv2_d_1936_1936_s_2.jpg","saved","image/jpeg; 299830 bytes"
"https://static.wixstatic.com/media/41554d_e2ee4ffd995e466ebab9a2020bf607ec~mv2_d_1275_1650_s_2.jpg","backup/media/41554d_e2ee4ffd995e466ebab9a2020bf607ec_mv2_d_1275_1650_s_2.jpg","saved","image/jpeg; 271715 bytes"
"https://static.wixstatic.com/media/41554d_e2ee4ffd995e466ebab9a2020bf607ec~mv2_d_1275_1650_s_2.jpg/41554d_e2ee4ffd995e466ebab9a2020bf607ec~mv2_d_1275_1650_s_2.jpg","","failed","403 Forbidden"
"https://static.wixstatic.com/media/41554d_e2ee4ffd995e466ebab9a2020bf607ec~mv2_d_1275_1650_s_2.jpg/v1/fill/w_773,h_1000,al_c,q_85,usm_0.66_1.00_0.01/41554d_e2ee4ffd995e466ebab9a2020bf607ec~mv2_d_1275_1650_s_2.jpg","backup/media/41554d_e2ee4ffd995e466ebab9a2020bf607ec_mv2_d_1275_1650_s_2.jpg","saved","image/jpeg; 111069 bytes"
"https://static.wixstatic.com/media/41554d_e44ec66d2d5b4e25aac345b93b293915~mv2.jpg/41554d_e44ec66d2d5b4e25aac345b93b293915~mv2.jpg","","failed","403 Forbidden"
"https://static.wixstatic.com/media/41554d_e4a4ca6aaa0b4a8a987740c6058373bd~mv2.jpg/41554d_e4a4ca6aaa0b4a8a987740c6058373bd~mv2.jpg","","failed","403 Forbidden"
"https://static.wixstatic.com/media/41554d_e569637f5a844becbb4cd70364b77096.jpg/41554d_e569637f5a844becbb4cd70364b77096.jpg","","failed","403 Forbidden"
"https://static.wixstatic.com/media/41554d_e7d48e61322745c19133b8ba92072108~mv2_d_3300_2550_s_4_2.jpg/41554d_e7d48e61322745c19133b8ba92072108~mv2_d_3300_2550_s_4_2.jpg","","failed","403 Forbidden"
"https://static.wixstatic.com/media/41554d_f09bd1f68b904294933a13ecf93c8d62~mv2.jpg/41554d_f09bd1f68b904294933a13ecf93c8d62~mv2.jpg","","failed","403 Forbidden"
"https://static.wixstatic.com/media/41554d_f426dc76e41e49f097a37c51378973c0~mv2_d_1224_1672_s_2.jpg/41554d_f426dc76e41e49f097a37c51378973c0~mv2_d_1224_1672_s_2.jpg","","failed","403 Forbidden"
"https://static.wixstatic.com/media/41554d_f68dcb83d89b485daea1f4d936f8d474~mv2.jpeg/41554d_f68dcb83d89b485daea1f4d936f8d474~mv2.jpeg","","failed","403 Forbidden"
"https://static.wixstatic.com/media/41554d_f7e1b7e2cc484462a7ec6857ff50cdb4~mv2.jpg/41554d_f7e1b7e2cc484462a7ec6857ff50cdb4~mv2.jpg","","failed","403 Forbidden"
"https://static.wixstatic.com/media/41554d_f8724791c5ea47d09e8ad98648bb2259~mv2.jpg/41554d_f8724791c5ea47d09e8ad98648bb2259~mv2.jpg","","failed","403 Forbidden"
"https://static.wixstatic.com/media/41554d_fa82d20ecbb949ed9e4cb05e5e9fee21~mv2_d_1936_1936_s_2.jpg","backup/media/41554d_fa82d20ecbb949ed9e4cb05e5e9fee21_mv2_d_1936_1936_s_2.jpg","saved","image/jpeg; 829383 bytes"
"https://static.wixstatic.com/media/41554d_fa82d20ecbb949ed9e4cb05e5e9fee21~mv2_d_1936_1936_s_2.jpg/41554d_fa82d20ecbb949ed9e4cb05e5e9fee21~mv2_d_1936_1936_s_2.jpg","","failed","403 Forbidden"
"https://static.wixstatic.com/media/41554d_fa82d20ecbb949ed9e4cb05e5e9fee21~mv2_d_1936_1936_s_2.jpg/v1/fill/w_1000,h_1000,al_c,q_85,usm_0.66_1.00_0.01/41554d_fa82d20ecbb949ed9e4cb05e5e9fee21~mv2_d_1936_1936_s_2.jpg","backup/media/41554d_fa82d20ecbb949ed9e4cb05e5e9fee21_mv2_d_1936_1936_s_2.jpg","saved","image/jpeg; 279111 bytes"
"https://static.wixstatic.com/media/5454966f6284aa489ef1a629e7651a89.png/5454966f6284aa489ef1a629e7651a89.png","","failed","403 Forbidden"
"https://static.wixstatic.com/media/74d327d3628e4f14800301f1c61013b0.png/74d327d3628e4f14800301f1c61013b0.png","","failed","403 Forbidden"
"https://static.wixstatic.com/media/78c9470bb79d1e2ef0ce769cdf8ed573.png/78c9470bb79d1e2ef0ce769cdf8ed573.png","","failed","403 Forbidden"
"https://static.wixstatic.com/media/8d6893330740455c96d218258a458aa4.png/8d6893330740455c96d218258a458aa4.png","","failed","403 Forbidden"
"https://static.wixstatic.com/media/9c4b521dd2404cd5a05ed6115f3a0dc8.png/9c4b521dd2404cd5a05ed6115f3a0dc8.png","","failed","403 Forbidden"
"https://static.wixstatic.com/media/b1cd13f9d4dfb1450bbb325285106177.png/b1cd13f9d4dfb1450bbb325285106177.png","","failed","403 Forbidden"
"https://static.wixstatic.com/media/e316f544f9094143b9eac01f1f19e697.png/e316f544f9094143b9eac01f1f19e697.png","","failed","403 Forbidden"
"https://static.wixstatic.com/media/ecef91e9a8b204bab42dd4f77c80345e.png/ecef91e9a8b204bab42dd4f77c80345e.png","","failed","403 Forbidden"